Date,Open,High,Low,Close,Adj Close,Volume,Company
2021-01-04,120.31549072265625,120.38240814208984,117.62906646728516,118.48948669433594,104.75033569335938,5417443,IBM
2021-01-05,119.5124282836914,121.1089859008789,119.13002014160156,120.59273529052734,106.60971069335938,6395872,IBM
2021-01-06,121.3193130493164,126.08030700683594,121.14722442626953,123.60420989990234,109.2719955444336,8322708,IBM
2021-01-07,124.32122039794922,124.7227554321289,122.61949920654297,123.31739807128906,109.01844024658203,4714740,IBM
2021-01-08,122.9158706665039,123.63288879394531,121.39579010009766,122.87763214111328,108.62965393066406,4891305,IBM
2021-01-11,122.32313537597656,123.97705841064453,122.04589080810547,122.92543029785156,108.67192840576172,5859587,IBM
2021-01-12,123.41300201416016,124.13957977294922,122.3135757446289,123.52772521972656,109.20438385009766,3921663,IBM
2021-01-13,123.4703598022461,124.04397583007812,120.8986587524414,121.33843231201172,107.2689437866211,8030874,IBM
2021-01-14,122.39006042480469,124.43594360351562,121.94072723388672,123.29827880859375,109.00154113769531,7848347,IBM
2021-01-15,122.63862609863281,123.55640411376953,122.05545043945312,122.74378967285156,108.5113525390625,5131153,IBM
2021-01-19,123.59464263916016,123.8910140991211,122.45697784423828,123.34607696533203,109.04378509521484,5646308,IBM
2021-01-20,123.99617767333984,125.2963638305664,122.90631103515625,124.35946655273438,109.93968200683594,5856240,IBM
2021-01-21,124.397705078125,126.42447662353516,124.3307876586914,125.86042022705078,111.26658630371094,13116003,IBM
2021-01-22,115.3919677734375,115.3919677734375,112.1988525390625,113.39388275146484,100.2455825805664,39814421,IBM
2021-01-25,113.53728485107422,114.2829818725586,112.28489685058594,113.36520385742188,100.22023010253906,14315974,IBM
2021-01-26,113.93881225585938,117.1988525390625,113.21223449707031,117.1032485961914,103.52483367919922,11186656,IBM
2021-01-27,116.7112808227539,119.3021011352539,116.2715072631836,117.0841293334961,103.5079345703125,12705239,IBM
2021-01-28,117.39962005615234,117.78202819824219,114.7896728515625,114.79923248291016,101.48797607421875,8455969,IBM
2021-01-29,114.93307495117188,115.96558380126953,113.67112731933594,113.87189483642578,100.66816711425781,12369473,IBM
2021-02-01,114.62715148925781,115.63097381591797,113.50860595703125,115.23900604248047,101.87675476074219,6538023,IBM
2021-02-02,114.11090087890625,115.67877960205078,114.03441619873047,114.1873779296875,100.94707489013672,6633627,IBM
2021-02-03,113.80496978759766,114.53154754638672,112.92543029785156,113.88145446777344,100.6766128540039,7024308,IBM
2021-02-04,114.63671112060547,115.77437591552734,113.64244842529297,115.6978988647461,102.28243255615234,4771957,IBM
2021-02-05,115.67877960205078,116.45315551757812,115.21988677978516,116.43403625488281,102.9332275390625,4775722,IBM
2021-02-08,117.22753143310547,118.52772521972656,117.01720428466797,118.17399597167969,104.47142791748047,6158848,IBM
2021-02-09,116.53919982910156,117.20841217041016,115.72657775878906,116.73040008544922,104.57420349121094,4933982,IBM
2021-02-10,117.61949920654297,117.98279571533203,115.8795394897461,116.86424255371094,104.69409942626953,5090673,IBM
2021-02-11,116.63479614257812,116.83556365966797,115.3250503540039,115.59273529052734,103.55502319335938,5629154,IBM
2021-02-12,115.67877960205078,116.02294158935547,114.80879211425781,115.4875717163086,103.46080017089844,4049275,IBM
2021-02-16,114.86615753173828,115.2963638305664,114.11090087890625,114.7896728515625,102.8355712890625,6945231,IBM
2021-02-17,114.02485656738281,115.25812530517578,113.78585052490234,114.69407653808594,102.74994659423828,4141219,IBM
2021-02-18,115.20076751708984,115.62141418457031,114.43594360351562,115.42064666748047,103.40084075927734,5646413,IBM
2021-02-19,115.43977355957031,115.44933319091797,113.17399597167969,113.75717163085938,101.91059875488281,6881320,IBM
2021-02-22,113.2887191772461,115.80306243896484,113.23136138916016,115.54492950439453,103.5121841430664,6149643,IBM
2021-02-23,115.602294921875,116.01338195800781,114.53154754638672,115.40152740478516,103.38372039794922,4739740,IBM
2021-02-24,115.4875717163086,118.05927276611328,115.21988677978516,117.79158782958984,105.52487182617188,6087720,IBM
2021-02-25,117.94454956054688,118.88145446777344,116.95984649658203,117.0841293334961,104.89109802246094,5953623,IBM
2021-02-26,116.8738021850586,116.8738021850586,113.65200805664062,113.6998062133789,101.85922241210938,9467346,IBM
2021-03-01,115.05735778808594,116.94072723388672,114.58891296386719,115.43020629882812,103.4094009399414,5977367,IBM
2021-03-02,115.43020629882812,116.53919982910156,114.97132110595703,115.03823852539062,103.05827331542969,4732418,IBM
2021-03-03,115.20076751708984,117.23709106445312,114.7036361694336,116.97896575927734,104.79688262939453,7744898,IBM
2021-03-04,116.63479614257812,117.8011474609375,113.53728485107422,114.82791900634766,102.86982727050781,8439651,IBM
2021-03-05,115.33460998535156,118.3078384399414,114.96176147460938,117.42829895019531,105.19942474365234,7268968,IBM
2021-03-08,117.58126068115234,121.2715072631836,117.4760971069336,119.32122039794922,106.89522552490234,7572203,IBM
2021-03-09,119.8852767944336,120.86997985839844,118.6998062133789,118.71892547607422,106.35564422607422,5867014,IBM
2021-03-10,119.55066680908203,122.60037994384766,119.13002014160156,122.24665069580078,109.5159912109375,7581199,IBM
2021-03-11,122.45697784423828,122.98279571533203,121.20458984375,121.54875946044922,108.89078521728516,5383657,IBM
2021-03-12,121.5965576171875,122.06501007080078,121.04206848144531,121.99808502197266,109.29331970214844,4194565,IBM
2021-03-15,122.15105438232422,123.08795166015625,121.93116760253906,122.92543029785156,110.12408447265625,3577948,IBM
2021-03-16,122.63862609863281,122.86807250976562,121.73995971679688,122.60037994384766,109.8328857421875,4867247,IBM
2021-03-17,122.81070709228516,123.79541015625,121.88336181640625,123.35564422607422,110.50949096679688,4488804,IBM
2021-03-18,123.26959991455078,125.23900604248047,122.17017364501953,124.34034729003906,111.39164733886719,6104142,IBM
2021-03-19,124.3021011352539,124.7036361694336,122.87763214111328,123.23136138916016,110.39815521240234,10297870,IBM
2021-03-22,122.84894561767578,124.97132110595703,122.26577758789062,124.80879211425781,111.81130981445312,4356485,IBM
2021-03-23,124.7036361694336,125.77437591552734,124.09178161621094,124.7227554321289,111.73423767089844,4556794,IBM
2021-03-24,125.19120788574219,126.3001937866211,124.82791900634766,124.87571716308594,111.87126922607422,4189230,IBM
2021-03-25,124.59847259521484,127.38050079345703,124.06309509277344,127.21797180175781,113.9696044921875,5809484,IBM
2021-03-26,127.42829895019531,130.47801208496094,127.26577758789062,130.38241577148438,116.80451202392578,5823710,IBM
2021-03-29,130.0,131.0420684814453,129.55067443847656,129.88528442382812,116.3591537475586,4835344,IBM
2021-03-30,129.88528442382812,130.27725219726562,128.12619018554688,128.79541015625,115.38276672363281,5010758,IBM
2021-03-31,128.62332153320312,128.78585815429688,126.8738021850586,127.39962005615234,114.13233947753906,5172575,IBM
2021-04-01,127.87763214111328,128.04014587402344,126.45315551757812,127.37093353271484,114.10664367675781,4261404,IBM
2021-04-05,127.76290893554688,130.67877197265625,127.53346252441406,129.9521942138672,116.4190902709961,5722980,IBM
2021-04-06,129.61758422851562,129.67495727539062,128.193115234375,128.31739807128906,114.95453643798828,3787566,IBM
2021-04-07,127.95410919189453,129.0057373046875,127.8967514038086,128.9961700439453,115.5626220703125,3112896,IBM
2021-04-08,128.65200805664062,129.66539001464844,128.26004028320312,129.17782592773438,115.72537231445312,4275211,IBM
2021-04-09,128.93881225585938,129.7705535888672,128.78585815429688,129.76100158691406,116.24781036376953,3162999,IBM
2021-04-12,129.08221435546875,129.4168243408203,127.96366882324219,128.67112731933594,115.27143859863281,3926684,IBM
2021-04-13,127.15105438232422,127.74378967285156,124.64627075195312,125.41108703613281,112.35087585449219,8403041,IBM
2021-04-14,125.53536987304688,126.94072723388672,124.78011322021484,126.79732513427734,113.59276580810547,6137928,IBM
2021-04-15,127.41873931884766,127.98279571533203,126.40535736083984,126.74951934814453,113.5499267578125,4062664,IBM
2021-04-16,127.15105438232422,128.2026824951172,127.1032485961914,127.71510314941406,114.41497039794922,5535223,IBM
2021-04-19,127.72466278076172,127.93498992919922,126.74951934814453,127.26577758789062,114.0124282836914,8575736,IBM
2021-04-20,131.0420684814453,133.62332153320312,130.68833923339844,132.08413696289062,118.32901763916016,16192708,IBM
2021-04-21,131.988525390625,137.4091796875,131.65391540527344,137.23709106445312,122.94534301757812,12456814,IBM
2021-04-22,137.3804931640625,138.374755859375,134.7992401123047,135.06692504882812,121.00117492675781,7428064,IBM
2021-04-23,135.09559631347656,137.29444885253906,134.75143432617188,136.16635131835938,121.98612213134766,4765576,IBM
2021-04-26,136.1567840576172,137.31358337402344,135.2581329345703,135.3441619873047,121.2495346069336,4927497,IBM
2021-04-27,135.45889282226562,136.29063415527344,134.5602264404297,135.7648162841797,121.62638854980469,4062664,IBM
2021-04-28,136.63479614257812,137.09368896484375,135.85086059570312,136.71128845214844,122.47430419921875,3941433,IBM
2021-04-29,137.7915802001953,142.1988525390625,136.69215393066406,137.89674377441406,123.53630065917969,4554179,IBM
2021-04-30,137.3804931640625,137.50477600097656,134.3690185546875,135.64053344726562,121.51505279541016,9280321,IBM
2021-05-03,137.48565673828125,139.34034729003906,137.23709106445312,138.3843231201172,123.97312927246094,5997241,IBM
2021-05-04,138.0592803955078,140.14340209960938,137.9827880859375,139.34034729003906,124.8295669555664,6642623,IBM
2021-05-05,139.52198791503906,139.52198791503906,138.5946502685547,138.83364868164062,124.37565612792969,5229895,IBM
2021-05-06,138.87188720703125,141.97897338867188,138.79541015625,141.89292907714844,127.1163330078125,7848661,IBM
2021-05-07,139.50286865234375,139.71319580078125,138.2122344970703,139.06309509277344,125.97314453125,7325661,IBM
2021-05-10,139.3881378173828,141.8546905517578,139.3881378173828,139.7418670654297,126.58804321289062,7304636,IBM
2021-05-11,138.61376953125,138.8049774169922,136.6156768798828,137.87762451171875,124.89927673339844,7454214,IBM
2021-05-12,137.51434326171875,137.81069946289062,134.93307495117188,135.08604431152344,122.37046813964844,6233742,IBM
2021-05-13,135.2294464111328,138.52772521972656,135.06692504882812,137.829833984375,124.85598754882812,4807207,IBM
2021-05-14,138.72848510742188,139.28298950195312,137.62905883789062,138.31739807128906,125.29763793945312,2873780,IBM
2021-05-17,138.08795166015625,139.3881378173828,137.9827880859375,138.72848510742188,125.6700439453125,4471755,IBM
2021-05-18,138.41299438476562,138.91014099121094,136.93116760253906,137.58126831054688,124.63081359863281,4000009,IBM
2021-05-19,136.06118774414062,136.90248107910156,134.72274780273438,136.89292907714844,124.00727844238281,4498532,IBM
2021-05-20,136.8260040283203,138.53729248046875,135.90821838378906,137.55258178710938,124.6048355102539,4301675,IBM
2021-05-21,137.93499755859375,139.29254150390625,137.93499755859375,138.374755859375,125.349609375,4219041,IBM
2021-05-24,138.68069458007812,138.9961700439453,137.83938598632812,138.3556365966797,125.33231353759766,3449290,IBM
2021-05-25,138.54684448242188,138.62332153320312,136.90248107910156,137.46653747558594,124.5268783569336,4118311,IBM
2021-05-26,137.18930053710938,137.65774536132812,136.74952697753906,137.07456970214844,124.17182159423828,3225655,IBM
2021-05-27,137.49522399902344,138.4034423828125,137.31358337402344,137.49522399902344,124.55288696289062,5889294,IBM
2021-05-28,137.86807250976562,137.9827880859375,137.1797332763672,137.41873168945312,124.48356628417969,2651192,IBM
2021-06-01,138.62332153320312,139.4168243408203,137.4282989501953,137.8489532470703,124.87330627441406,2528705,IBM
2021-06-02,138.26004028320312,139.34034729003906,137.7724609375,139.31166076660156,126.19833374023438,2915097,IBM
2021-06-03,138.53729248046875,139.46463012695312,137.70555114746094,139.14913940429688,126.05110168457031,4320608,IBM
2021-06-04,139.579345703125,141.06118774414062,139.3498992919922,140.93690490722656,127.67058563232422,3261323,IBM
2021-06-07,141.06118774414062,142.1988525390625,140.69789123535156,141.51051330566406,128.19020080566406,3621984,IBM
2021-06-08,141.6061248779297,143.5946502685547,141.6061248779297,142.51434326171875,129.0995635986328,5313785,IBM
2021-06-09,142.47610473632812,144.4263916015625,142.27532958984375,144.04397583007812,130.4851837158203,5547252,IBM
2021-06-10,144.8087921142578,146.11854553222656,143.1739959716797,143.91969299316406,130.37261962890625,4977391,IBM
2021-06-11,143.8145294189453,145.17208862304688,143.75717163085938,144.6271514892578,131.01348876953125,3596462,IBM
2021-06-14,144.08221435546875,144.3881378173828,142.12237548828125,143.43212890625,129.9309539794922,3498661,IBM
2021-06-15,143.26004028320312,143.31739807128906,142.06500244140625,142.7915802001953,129.35067749023438,2628912,IBM
2021-06-16,143.1739959716797,143.1739959716797,140.74569702148438,141.32887268066406,128.02565002441406,4057329,IBM
2021-06-17,141.06118774414062,141.5487518310547,138.89100646972656,139.1969451904297,126.09442138671875,4568300,IBM
2021-06-18,138.12619018554688,138.31739807128906,136.74952697753906,136.8260040283203,123.94666290283203,9577699,IBM
2021-06-21,137.7724609375,140.602294921875,137.72467041015625,140.2007598876953,127.00373077392578,4482633,IBM
2021-06-22,140.07647705078125,140.35372924804688,138.9579315185547,139.92352294921875,126.75257873535156,2549102,IBM
2021-06-23,139.9904327392578,140.05735778808594,138.2122344970703,138.25047302246094,125.23703002929688,3349920,IBM
2021-06-24,139.3881378173828,139.76100158691406,138.32696533203125,139.04397583007812,125.95584106445312,3775746,IBM
2021-06-25,138.9866180419922,140.46844482421875,138.57553100585938,140.38241577148438,127.16828155517578,3759533,IBM
2021-06-28,140.54493713378906,140.82217407226562,138.53729248046875,138.90057373046875,125.82594299316406,4067789,IBM
2021-06-29,138.87188720703125,140.28680419921875,138.71893310546875,139.14913940429688,126.05110168457031,2540211,IBM
2021-06-30,138.7476043701172,140.46844482421875,138.34608459472656,140.14340209960938,126.9517822265625,3394375,IBM
2021-07-01,140.49713134765625,141.0133819580078,140.12428283691406,140.38241577148438,127.16828155517578,2809661,IBM
2021-07-02,140.44932556152344,140.48757934570312,133.32696533203125,133.86233520507812,121.2619400024414,17584515,IBM
2021-07-06,133.83364868164062,134.24473571777344,131.07073974609375,132.67686462402344,120.18807220458984,8466010,IBM
2021-07-07,132.65774536132812,134.15870666503906,132.65774536132812,133.67112731933594,121.0887451171875,4246446,IBM
2021-07-08,131.72084045410156,135.09559631347656,131.6061248779297,134.55067443847656,121.88549041748047,5739820,IBM
2021-07-09,135.2294464111328,135.73614501953125,134.64627075195312,135.29637145996094,122.56098937988281,4083689,IBM
2021-07-12,135.2103271484375,135.71701049804688,133.9579315185547,134.72274780273438,122.04137420654297,3496360,IBM
2021-07-13,134.72274780273438,134.72274780273438,133.48948669433594,134.11090087890625,121.48712158203125,3309858,IBM
2021-07-14,134.53155517578125,134.5602264404297,132.8202667236328,133.67112731933594,121.0887451171875,4606061,IBM
2021-07-15,133.193115234375,134.28298950195312,132.69598388671875,134.27342224121094,121.63433837890625,3807126,IBM
2021-07-16,134.7992401123047,134.7992401123047,132.49522399902344,132.7915802001953,120.29198455810547,4298328,IBM
2021-07-19,130.44932556152344,132.3996124267578,130.21987915039062,131.8546905517578,119.44327545166016,8977086,IBM
2021-07-20,136.71128845214844,138.54684448242188,132.6003875732422,133.8145294189453,121.21863555908203,14237838,IBM
2021-07-21,133.8145294189453,135.17208862304688,133.50860595703125,135.08604431152344,122.37046813964844,5024984,IBM
2021-07-22,135.43020629882812,135.5736083984375,134.2351837158203,134.52198791503906,121.85950469970703,3466653,IBM
2021-07-23,134.76100158691406,135.46844482421875,134.15870666503906,135.12428283691406,122.40511322021484,4680013,IBM
2021-07-26,135.17208862304688,136.71128845214844,134.92352294921875,136.49139404296875,123.6435317993164,4441630,IBM
2021-07-27,136.26194763183594,137.32313537597656,135.3728485107422,136.47227478027344,123.62621307373047,3281302,IBM
2021-07-28,136.72084045410156,136.806884765625,135.4110870361328,135.53536987304688,122.77748107910156,2660815,IBM
2021-07-29,136.07073974609375,136.67303466796875,135.3728485107422,135.68833923339844,122.91606903076172,2793761,IBM
2021-07-30,135.29637145996094,135.6118621826172,134.5984649658203,134.76100158691406,122.07601928710938,3698238,IBM
2021-08-02,135.2294464111328,136.76864624023438,134.82791137695312,135.2007598876953,122.4743881225586,3064257,IBM
2021-08-03,135.65965270996094,138.33651733398438,135.420654296875,137.73422241210938,124.76937866210938,4272596,IBM
2021-08-04,137.47610473632812,137.83938598632812,136.20458984375,136.48184204101562,123.6348876953125,2960285,IBM
2021-08-05,136.73995971679688,137.10325622558594,135.965576171875,136.49139404296875,123.6435317993164,2884240,IBM
2021-08-06,136.71128845214844,138.04014587402344,136.6061248779297,137.7533416748047,124.78668975830078,4002833,IBM
2021-08-09,135.9464569091797,136.2332763671875,134.7705535888672,135.03823852539062,123.73550415039062,5129689,IBM
2021-08-10,135.0,135.5736083984375,134.1682586669922,135.1625213623047,123.8493881225586,5543695,IBM
2021-08-11,135.54493713378906,136.49139404296875,135.27725219726562,135.87954711914062,124.50639343261719,4455960,IBM
2021-08-12,136.0038299560547,136.8546905517578,135.8317413330078,136.7781982421875,125.32981872558594,2184780,IBM
2021-08-13,136.3671112060547,137.26577758789062,136.1759033203125,136.88336181640625,125.42619323730469,1997965,IBM
2021-08-16,136.93116760253906,137.41873168945312,135.9751434326172,137.27532958984375,125.78536224365234,2913319,IBM
2021-08-17,136.71128845214844,136.86424255371094,134.88528442382812,136.1567840576172,124.76041412353516,3215195,IBM
2021-08-18,135.4397735595703,135.67877197265625,133.26004028320312,133.33651733398438,122.17620849609375,3672192,IBM
2021-08-19,132.5908203125,133.31739807128906,131.1759033203125,131.95028686523438,120.90599822998047,4351465,IBM
2021-08-20,131.68260192871094,133.25047302246094,131.2332763671875,132.9923553466797,121.8608627319336,2780059,IBM
2021-08-23,133.47991943359375,133.9866180419922,132.69598388671875,133.47991943359375,122.3076171875,3179422,IBM
2021-08-24,133.6328887939453,134.06309509277344,133.193115234375,133.69024658203125,122.50033569335938,2474418,IBM
2021-08-25,133.7667236328125,134.6080322265625,133.32696533203125,133.70936584472656,122.51786041259766,2105389,IBM
2021-08-26,133.8145294189453,134.6080322265625,132.6099395751953,132.67686462402344,121.57177734375,2613640,IBM
2021-08-27,132.6099395751953,133.4512481689453,132.31358337402344,133.27915954589844,122.12364959716797,2572637,IBM
2021-08-30,133.36520385742188,133.72848510742188,132.71510314941406,132.85850524902344,121.73819732666016,2087293,IBM
2021-08-31,133.4034423828125,134.7418670654297,132.83938598632812,134.1682586669922,122.93833923339844,4429915,IBM
2021-09-01,133.8240966796875,133.91014099121094,133.06883239746094,133.1739959716797,122.02729797363281,2588327,IBM
2021-09-02,133.57553100585938,133.89100646972656,132.91586303710938,133.85276794433594,122.64926147460938,2840413,IBM
2021-09-03,133.53729248046875,134.29254150390625,133.1739959716797,133.44168090820312,122.2725830078125,2009575,IBM
2021-09-07,133.50860595703125,133.64244079589844,131.70172119140625,131.988525390625,120.94104766845703,3436110,IBM
2021-09-08,132.06500244140625,132.97323608398438,131.5487518310547,132.5717010498047,121.47540283203125,3122728,IBM
2021-09-09,131.7877655029297,132.8489532470703,131.51051330566406,131.68260192871094,120.66073608398438,3669682,IBM
2021-09-10,132.71510314941406,133.2409210205078,130.9751434326172,130.9942626953125,120.02999114990234,4157955,IBM
2021-09-13,132.31358337402344,132.87762451171875,131.46270751953125,132.07456970214844,121.01991271972656,4334729,IBM
2021-09-14,132.31358337402344,132.47610473632812,129.3881378173828,130.2294464111328,119.32919311523438,4659198,IBM
2021-09-15,130.2294464111328,131.73995971679688,129.70362854003906,131.16635131835938,120.18768310546875,3403579,IBM
2021-09-16,131.24282836914062,131.88336181640625,129.7418670654297,130.43020629882812,119.51315307617188,2765624,IBM
2021-09-17,129.78012084960938,129.94264221191406,129.11090087890625,129.28298950195312,118.46195983886719,5890340,IBM
2021-09-20,128.011474609375,129.2351837158203,126.94072723388672,128.4034423828125,117.65603637695312,4990152,IBM
2021-09-21,129.1682586669922,129.68450927734375,127.09368896484375,127.12236785888672,116.48219299316406,4261927,IBM
2021-09-22,127.83938598632812,129.4168243408203,127.60037994384766,128.70936584472656,117.93635559082031,3767901,IBM
2021-09-23,129.30210876464844,131.37667846679688,129.09178161621094,130.71701049804688,119.77595520019531,3151807,IBM
2021-09-24,131.0038299560547,132.3900604248047,130.73614501953125,131.44358825683594,120.44171905517578,3100762,IBM
2021-09-27,131.89292907714844,132.95411682128906,131.4340362548828,132.46653747558594,121.37905883789062,3459017,IBM
2021-09-28,133.04971313476562,133.54684448242188,131.1759033203125,131.42446899414062,120.42420196533203,4513072,IBM
2021-09-29,131.67303466796875,133.7762908935547,130.4397735595703,133.0592803955078,121.92216491699219,3947499,IBM
2021-09-30,133.8432159423828,134.3881378173828,132.4091796875,132.8202667236328,121.70318603515625,6090230,IBM
2021-10-01,134.7992401123047,137.6386260986328,134.1969451904297,137.0172119140625,125.54881286621094,6907889,IBM
2021-10-04,136.46270751953125,139.579345703125,136.08985900878906,137.7724609375,126.24087524414062,7689251,IBM
2021-10-05,138.3843231201172,138.62332153320312,136.3671112060547,136.8546905517578,125.3999252319336,7297524,IBM
2021-10-06,136.21414184570312,137.06500244140625,134.69407653808594,136.09942626953125,124.7078628540039,5573506,IBM
2021-10-07,136.45315551757812,137.09368896484375,135.30592346191406,135.5736083984375,124.22606658935547,3999695,IBM
2021-10-08,135.5736083984375,137.33270263671875,134.84703063964844,136.92160034179688,125.46121978759766,3902940,IBM
2021-10-11,137.18930053710938,137.74378967285156,136.13766479492188,136.16635131835938,124.76919555664062,2921792,IBM
2021-10-12,135.95602416992188,136.0420684814453,134.13002014160156,134.29254150390625,123.05220794677734,3293436,IBM
2021-10-13,134.34034729003906,135.1912078857422,133.51815795898438,134.56979370117188,123.30626678466797,3013003,IBM
2021-10-14,134.8374786376953,137.5908203125,134.8087921142578,137.08413696289062,125.61017608642578,4410668,IBM
2021-10-15,137.08413696289062,138.47991943359375,136.51051330566406,138.25047302246094,126.67886352539062,3371049,IBM
2021-10-18,137.66729736328125,138.5659637451172,135.52581787109375,136.06118774414062,124.67281341552734,6437189,IBM
2021-10-19,134.87571716308594,136.65391540527344,134.34034729003906,135.73614501953125,124.3749771118164,4539117,IBM
2021-10-20,135.44932556152344,135.9464569091797,134.51242065429688,135.65965270996094,124.30490112304688,6474008,IBM
2021-10-21,127.63862609863281,127.83938598632812,122.46653747558594,122.6864242553711,112.41753387451172,32913959,IBM
2021-10-22,122.41873931884766,124.52198791503906,121.04206848144531,122.25621032714844,112.02332305908203,12114981,IBM
2021-10-25,121.9216079711914,122.99235534667969,121.35755157470703,122.02677154541016,111.8130874633789,6667204,IBM
2021-10-26,121.91204833984375,122.65774536132812,121.18547058105469,121.53919982910156,111.36632537841797,8912861,IBM
2021-10-27,121.83556365966797,122.25621032714844,119.5124282836914,119.66539001464844,109.64936828613281,7294176,IBM
2021-10-28,119.66539001464844,120.75525665283203,119.13957977294922,120.30592346191406,110.23628997802734,6802138,IBM
2021-10-29,119.91395568847656,120.76481628417969,119.41682434082031,119.59847259521484,109.5880355834961,6188973,IBM
2021-11-01,119.55066680908203,120.75525665283203,118.39388275146484,120.72657775878906,110.62173461914062,6177153,IBM
2021-11-02,120.74569702148438,121.57743835449219,119.41682434082031,120.63097381591797,110.53412628173828,4722062,IBM
2021-11-03,120.67877960205078,121.6921615600586,120.15296173095703,121.53919982910156,111.36632537841797,5670784,IBM
2021-11-04,123.05000305175781,123.33999633789062,119.9000015258789,120.8499984741211,110.73481750488281,7208700,IBM
2021-11-05,121.43000030517578,123.7699966430664,121.43000030517578,123.61000061035156,113.26380157470703,6790500,IBM
2021-11-08,123.98999786376953,124.77999877929688,123.52999877929688,124.54000091552734,114.115966796875,5625300,IBM
2021-11-09,122.55999755859375,122.9000015258789,120.26000213623047,120.8499984741211,112.21248626708984,7236600,IBM
2021-11-10,121.0,122.43000030517578,119.93000030517578,120.22000122070312,111.62751007080078,6270300,IBM
2021-11-11,120.9000015258789,121.79000091552734,120.08000183105469,120.2699966430664,111.67393493652344,4643300,IBM
2021-11-12,120.0,120.63999938964844,118.77999877929688,118.95999908447266,110.45756530761719,5418300,IBM
2021-11-15,119.54000091552734,120.16000366210938,118.30999755859375,118.87000274658203,110.37400817871094,5046300,IBM
2021-11-16,118.91999816894531,119.9000015258789,118.41999816894531,118.45999908447266,109.9933090209961,4750800,IBM
2021-11-17,118.37999725341797,119.33000183105469,117.77999877929688,118.05999755859375,109.62189483642578,4043300,IBM
2021-11-18,118.36000061035156,118.36000061035156,116.30999755859375,116.66000366210938,108.32195281982422,5046900,IBM
2021-11-19,116.48999786376953,116.55999755859375,115.2699966430664,116.05000305175781,107.75555419921875,5380200,IBM
2021-11-22,116.0,118.80999755859375,115.19000244140625,116.47000122070312,108.14553833007812,6416200,IBM
2021-11-23,116.79000091552734,117.94000244140625,116.04000091552734,116.79000091552734,108.44266510009766,4912800,IBM
2021-11-24,116.16000366210938,117.2699966430664,116.08000183105469,116.7300033569336,108.38695526123047,3220800,IBM
2021-11-26,115.0,116.33999633789062,114.55999755859375,115.80999755859375,107.53271484375,3322000,IBM
2021-11-29,118.62000274658203,119.61000061035156,117.52999877929688,118.5,110.03045654296875,8949800,IBM
2021-11-30,117.5,119.23999786376953,116.44999694824219,117.0999984741211,108.73050689697266,9252700,IBM
2021-12-01,118.25,118.93000030517578,116.8499984741211,116.91999816894531,108.5633773803711,5958300,IBM
2021-12-02,117.37000274658203,117.9800033569336,116.55999755859375,116.9000015258789,108.5447998046875,5267100,IBM
2021-12-03,117.36000061035156,119.36000061035156,117.36000061035156,118.83999633789062,110.34614562988281,6630100,IBM
2021-12-06,119.4000015258789,121.1500015258789,119.4000015258789,119.91000366210938,111.33967590332031,4785600,IBM
2021-12-07,120.4800033569336,122.08000183105469,120.06999969482422,121.58000183105469,112.89030456542969,5194000,IBM
2021-12-08,122.0,123.37999725341797,121.5199966430664,123.0199966430664,114.22738647460938,5483900,IBM
2021-12-09,122.1500015258789,123.94999694824219,121.79000091552734,123.56999969482422,114.73808288574219,4601100,IBM
2021-12-10,124.30000305175781,125.33000183105469,123.36000061035156,124.08999633789062,115.22090148925781,4966900,IBM
2021-12-13,123.76000213623047,124.36000061035156,120.79000091552734,122.58000183105469,113.81883239746094,6847500,IBM
2021-12-14,122.3499984741211,125.02999877929688,122.30000305175781,123.76000213623047,114.91451263427734,5716100,IBM
2021-12-15,123.80000305175781,124.81999969482422,122.18000030517578,123.11000061035156,114.31095123291016,4990000,IBM
2021-12-16,123.51000213623047,126.63999938964844,123.4800033569336,125.93000030517578,116.92939758300781,7280500,IBM
2021-12-17,125.87000274658203,128.63999938964844,125.20999908447266,127.4000015258789,118.29434204101562,10379000,IBM
2021-12-20,125.72000122070312,127.19999694824219,124.69999694824219,127.05999755859375,117.97863006591797,4941400,IBM
2021-12-21,127.66000366210938,129.33999633789062,127.66000366210938,128.97000122070312,119.75212097167969,4856000,IBM
2021-12-22,129.05999755859375,129.7899932861328,127.5999984741211,129.75,120.47636413574219,3923200,IBM
2021-12-23,130.0,130.9600067138672,129.52000427246094,130.6300048828125,121.2934799194336,3649000,IBM
2021-12-27,130.6300048828125,131.64999389648438,129.9499969482422,131.6199951171875,122.21272277832031,4293900,IBM
2021-12-28,131.60000610351562,133.22000122070312,131.58999633789062,132.6300048828125,123.1505355834961,3445200,IBM
2021-12-29,132.39999389648438,134.2100067138672,132.3000030517578,133.35000610351562,123.8190689086914,4239900,IBM
2021-12-30,133.75,134.3699951171875,133.3300018310547,133.91000366210938,124.33905029296875,3158100,IBM
2021-01-04,222.52999877929688,223.0,214.80999755859375,217.69000244140625,212.8766632080078,37130100,MSFT
2021-01-05,217.25999450683594,218.52000427246094,215.6999969482422,217.89999389648438,213.08200073242188,23823000,MSFT
2021-01-06,212.1699981689453,216.49000549316406,211.94000244140625,212.25,207.5569305419922,35930700,MSFT
2021-01-07,214.0399932861328,219.33999633789062,213.7100067138672,218.2899932861328,213.46339416503906,27694500,MSFT
2021-01-08,218.67999267578125,220.5800018310547,217.02999877929688,219.6199951171875,214.76397705078125,22956200,MSFT
2021-01-11,218.47000122070312,218.91000366210938,216.72999572753906,217.49000549316406,212.68109130859375,23031300,MSFT
2021-01-12,216.5,217.10000610351562,213.32000732421875,214.92999267578125,210.17767333984375,23249300,MSFT
2021-01-13,214.02000427246094,216.75999450683594,213.92999267578125,216.33999633789062,211.5564727783203,20087100,MSFT
2021-01-14,215.91000366210938,217.4600067138672,212.74000549316406,213.02000427246094,208.30990600585938,29480800,MSFT
2021-01-15,213.52000427246094,214.50999450683594,212.02999877929688,212.64999389648438,207.94810485839844,31746500,MSFT
2021-01-19,213.75,216.97999572753906,212.6300048828125,216.44000244140625,211.65426635742188,30480900,MSFT
2021-01-20,217.6999969482422,225.7899932861328,217.2899932861328,224.33999633789062,219.37960815429688,37777300,MSFT
2021-01-21,224.6999969482422,226.3000030517578,222.4199981689453,224.97000122070312,219.99566650390625,30709400,MSFT
2021-01-22,227.0800018310547,230.07000732421875,225.8000030517578,225.9499969482422,220.9540252685547,30172700,MSFT
2021-01-25,229.1199951171875,229.77999877929688,224.22000122070312,229.52999877929688,224.454833984375,33152100,MSFT
2021-01-26,231.86000061035156,234.17999267578125,230.0800018310547,232.3300018310547,227.1929473876953,49169600,MSFT
2021-01-27,238.0,240.44000244140625,230.13999938964844,232.89999389648438,227.7503204345703,69870600,MSFT
2021-01-28,235.61000061035156,242.63999938964844,235.08999633789062,238.92999267578125,233.6470184326172,49111200,MSFT
2021-01-29,235.99000549316406,238.02000427246094,231.35000610351562,231.9600067138672,226.8311309814453,42503100,MSFT
2021-02-01,235.05999755859375,242.5,232.42999267578125,239.64999389648438,234.35108947753906,33314200,MSFT
2021-02-02,241.3000030517578,242.30999755859375,238.69000244140625,239.50999450683594,234.21417236328125,25916300,MSFT
2021-02-03,239.57000732421875,245.08999633789062,239.25999450683594,243.0,237.6270294189453,27158100,MSFT
2021-02-04,242.66000366210938,243.24000549316406,240.3699951171875,242.00999450683594,236.6588897705078,25296100,MSFT
2021-02-05,242.22999572753906,243.27999877929688,240.4199981689453,242.1999969482422,236.84469604492188,18054800,MSFT
2021-02-08,243.14999389648438,243.67999267578125,240.80999755859375,242.47000122070312,237.1087188720703,22211900,MSFT
2021-02-09,241.8699951171875,244.75999450683594,241.3800048828125,243.77000427246094,238.37997436523438,23565000,MSFT
2021-02-10,245.0,245.9199981689453,240.88999938964844,242.82000732421875,237.45098876953125,22186700,MSFT
2021-02-11,244.77999877929688,245.14999389648438,242.14999389648438,244.49000549316406,239.0841064453125,15751100,MSFT
2021-02-12,243.92999267578125,245.3000030517578,242.72999572753906,244.99000549316406,239.57302856445312,16561100,MSFT
2021-02-16,245.02999877929688,246.1300048828125,242.9199981689453,243.6999969482422,238.3115692138672,26728500,MSFT
2021-02-17,241.32000732421875,244.30999755859375,240.94000244140625,244.1999969482422,239.35047912597656,21653500,MSFT
2021-02-18,241.8000030517578,243.92999267578125,240.86000061035156,243.7899932861328,238.94859313964844,16925600,MSFT
2021-02-19,243.75,243.86000061035156,240.17999267578125,240.97000122070312,236.1846160888672,25262600,MSFT
2021-02-22,237.4199981689453,237.92999267578125,232.39999389648438,234.50999450683594,229.8529052734375,36446900,MSFT
2021-02-23,230.3300018310547,234.8300018310547,228.72999572753906,233.27000427246094,228.63754272460938,30228700,MSFT
2021-02-24,230.00999450683594,235.1999969482422,229.0,234.5500030517578,229.8921356201172,26339700,MSFT
2021-02-25,232.0800018310547,234.58999633789062,227.8800048828125,228.99000549316406,224.44253540039062,39542200,MSFT
2021-02-26,231.52999877929688,235.3699951171875,229.5399932861328,232.3800048828125,227.76522827148438,37819200,MSFT
2021-03-01,235.89999389648438,237.47000122070312,233.14999389648438,236.94000244140625,232.23464965820312,25324000,MSFT
2021-03-02,237.00999450683594,237.3000030517578,233.4499969482422,233.8699951171875,229.2256317138672,22812500,MSFT
2021-03-03,232.16000366210938,233.5800018310547,227.25999450683594,227.55999755859375,223.0409393310547,34029500,MSFT
2021-03-04,226.74000549316406,232.49000549316406,224.25999450683594,226.72999572753906,222.2274169921875,44727800,MSFT
2021-03-05,229.52000427246094,233.27000427246094,226.4600067138672,231.60000610351562,227.00071716308594,41872800,MSFT
2021-03-08,231.3699951171875,233.3699951171875,227.1300048828125,227.38999938964844,222.87429809570312,35267400,MSFT
2021-03-09,232.8800048828125,235.3800048828125,231.6699981689453,233.77999877929688,229.1374053955078,33080500,MSFT
2021-03-10,237.0,237.0,232.0399932861328,232.4199981689453,227.80441284179688,29746800,MSFT
2021-03-11,234.9600067138672,239.1699981689453,234.30999755859375,237.1300048828125,232.42091369628906,29907600,MSFT
2021-03-12,234.00999450683594,235.82000732421875,233.22999572753906,235.75,231.0683135986328,22653700,MSFT
2021-03-15,234.9600067138672,235.19000244140625,231.80999755859375,234.80999755859375,230.14694213867188,26034900,MSFT
2021-03-16,236.27999877929688,240.05999755859375,235.94000244140625,237.7100067138672,232.98936462402344,28092200,MSFT
2021-03-17,236.14999389648438,238.5500030517578,233.22999572753906,237.0399932861328,232.33265686035156,29562100,MSFT
2021-03-18,232.55999755859375,234.19000244140625,230.3300018310547,230.72000122070312,226.13818359375,34833000,MSFT
2021-03-19,231.02000427246094,232.47000122070312,229.35000610351562,230.35000610351562,225.7755126953125,46430700,MSFT
2021-03-22,230.27000427246094,236.89999389648438,230.13999938964844,235.99000549316406,231.30352783203125,30127000,MSFT
2021-03-23,237.49000549316406,241.0500030517578,237.07000732421875,237.5800018310547,232.86195373535156,31638400,MSFT
2021-03-24,237.85000610351562,238.0,235.32000732421875,235.4600067138672,230.78407287597656,25620100,MSFT
2021-03-25,235.3000030517578,236.94000244140625,231.57000732421875,232.33999633789062,227.72601318359375,34061900,MSFT
2021-03-26,231.5500030517578,236.7100067138672,231.5500030517578,236.47999572753906,231.78378295898438,25479900,MSFT
2021-03-29,236.58999633789062,236.8000030517578,231.8800048828125,235.24000549316406,230.56842041015625,25227500,MSFT
2021-03-30,233.52999877929688,233.85000610351562,231.10000610351562,231.85000610351562,227.24574279785156,24792000,MSFT
2021-03-31,232.91000366210938,239.10000610351562,232.38999938964844,235.77000427246094,231.087890625,43623500,MSFT
2021-04-01,238.47000122070312,242.83999633789062,238.0500030517578,242.35000610351562,237.5372314453125,30338000,MSFT
2021-04-05,242.75999450683594,249.9600067138672,242.6999969482422,249.07000732421875,244.12376403808594,36910600,MSFT
2021-04-06,247.61000061035156,249.39999389648438,246.8800048828125,247.86000061035156,242.9377899169922,22931900,MSFT
2021-04-07,247.80999755859375,250.92999267578125,247.19000244140625,249.89999389648438,244.93728637695312,22719800,MSFT
2021-04-08,252.77000427246094,254.13999938964844,252.0,253.25,248.22076416015625,23625200,MSFT
2021-04-09,252.8699951171875,255.99000549316406,252.44000244140625,255.85000610351562,250.76913452148438,24326800,MSFT
2021-04-12,254.7100067138672,257.6700134277344,254.6199951171875,255.91000366210938,250.82794189453125,27148700,MSFT
2021-04-13,257.260009765625,259.19000244140625,256.8299865722656,258.489990234375,253.356689453125,23837500,MSFT
2021-04-14,257.4800109863281,258.8299865722656,255.16000366210938,255.58999633789062,250.51426696777344,23070900,MSFT
2021-04-15,257.92999267578125,259.92999267578125,257.7300109863281,259.5,254.3466339111328,25627500,MSFT
2021-04-16,259.4700012207031,261.0,257.6000061035156,260.739990234375,255.56201171875,24878600,MSFT
2021-04-19,260.19000244140625,261.4800109863281,257.82000732421875,258.739990234375,253.60174560546875,23209300,MSFT
2021-04-20,257.82000732421875,260.20001220703125,256.8399963378906,258.260009765625,253.13125610351562,19722900,MSFT
2021-04-21,258.94000244140625,260.67999267578125,257.25,260.5799865722656,255.40521240234375,24030400,MSFT
2021-04-22,260.2099914550781,261.7799987792969,255.63999938964844,257.1700134277344,252.0629425048828,25606200,MSFT
2021-04-23,257.8800048828125,261.510009765625,257.2699890136719,261.1499938964844,255.9638671875,21462600,MSFT
2021-04-26,261.6600036621094,262.44000244140625,260.1700134277344,261.54998779296875,256.35595703125,19763300,MSFT
2021-04-27,261.5799865722656,263.19000244140625,260.1199951171875,261.9700012207031,256.767578125,31014200,MSFT
2021-04-28,256.0799865722656,256.5400085449219,252.9499969482422,254.55999755859375,249.50474548339844,46903100,MSFT
2021-04-29,255.4600067138672,256.1000061035156,249.0,252.50999450683594,247.4954376220703,40589000,MSFT
2021-04-30,249.74000549316406,253.0800018310547,249.60000610351562,252.17999267578125,247.1719970703125,30945100,MSFT
2021-05-03,253.39999389648438,254.35000610351562,251.1199951171875,251.86000061035156,246.85836791992188,19626600,MSFT
2021-05-04,250.97000122070312,251.2100067138672,245.75999450683594,247.7899932861328,242.86917114257812,32756100,MSFT
2021-05-05,249.05999755859375,249.5,245.82000732421875,246.47000122070312,241.57540893554688,21901300,MSFT
2021-05-06,246.4499969482422,249.86000061035156,244.69000244140625,249.72999572753906,244.77066040039062,26491100,MSFT
2021-05-07,252.14999389648438,254.3000030517578,251.1699981689453,252.4600067138672,247.4464569091797,27032900,MSFT
2021-05-10,250.8699951171875,251.72999572753906,247.1199951171875,247.17999267578125,242.2713165283203,29299900,MSFT
2021-05-11,244.5500030517578,246.60000610351562,242.57000732421875,246.22999572753906,241.34014892578125,33641600,MSFT
2021-05-12,242.1699981689453,244.3800048828125,238.07000732421875,239.0,234.2537384033203,36684400,MSFT
2021-05-13,241.8000030517578,245.60000610351562,241.4199981689453,243.02999877929688,238.20370483398438,29624300,MSFT
2021-05-14,245.5800018310547,249.17999267578125,245.49000549316406,248.14999389648438,243.2220001220703,23901100,MSFT
2021-05-17,246.5500030517578,246.58999633789062,243.52000427246094,245.17999267578125,240.31101989746094,24970200,MSFT
2021-05-18,246.27000427246094,246.41000366210938,242.89999389648438,243.0800018310547,238.2527313232422,20168000,MSFT
2021-05-19,239.30999755859375,243.22999572753906,238.60000610351562,243.1199951171875,238.84213256835938,25739800,MSFT
2021-05-20,243.9600067138672,247.9499969482422,243.86000061035156,246.47999572753906,242.14305114746094,21800700,MSFT
2021-05-21,247.57000732421875,248.3300018310547,244.74000549316406,245.1699981689453,240.85609436035156,21863100,MSFT
2021-05-24,247.7899932861328,251.16000366210938,247.50999450683594,250.77999877929688,246.36740112304688,21411500,MSFT
2021-05-25,251.77000427246094,252.75,250.82000732421875,251.72000122070312,247.2908477783203,17704300,MSFT
2021-05-26,251.42999267578125,252.94000244140625,250.75,251.49000549316406,247.06491088867188,17771600,MSFT
2021-05-27,251.1699981689453,251.47999572753906,249.25,249.30999755859375,244.9232635498047,24426200,MSFT
2021-05-28,251.0,252.0800018310547,249.55999755859375,249.67999267578125,245.2867431640625,18270200,MSFT
2021-06-01,251.22999572753906,251.2899932861328,246.9600067138672,247.39999389648438,243.04685974121094,23213300,MSFT
2021-06-02,248.1300048828125,249.27000427246094,245.83999633789062,247.3000030517578,242.94862365722656,19406700,MSFT
2021-06-03,245.22000122070312,246.33999633789062,243.0,245.7100067138672,241.3865966796875,25307700,MSFT
2021-06-04,247.75999450683594,251.64999389648438,247.50999450683594,250.7899932861328,246.37722778320312,25281100,MSFT
2021-06-07,249.97999572753906,254.08999633789062,249.80999755859375,253.80999755859375,249.34410095214844,23079200,MSFT
2021-06-08,255.16000366210938,256.010009765625,252.50999450683594,252.57000732421875,248.12591552734375,22455000,MSFT
2021-06-09,253.80999755859375,255.52999877929688,253.2100067138672,253.58999633789062,249.1279296875,17937600,MSFT
2021-06-10,254.2899932861328,257.4599914550781,253.6699981689453,257.239990234375,252.7136993408203,24563600,MSFT
2021-06-11,257.989990234375,258.489990234375,256.6099853515625,257.8900146484375,253.35232543945312,18999700,MSFT
2021-06-14,257.8999938964844,259.95001220703125,256.79998779296875,259.8900146484375,255.31707763671875,19150500,MSFT
2021-06-15,259.7699890136719,259.989990234375,257.67999267578125,258.3599853515625,253.8140106201172,18038900,MSFT
2021-06-16,259.3999938964844,260.5799865722656,254.4199981689453,257.3800048828125,252.85125732421875,27220000,MSFT
2021-06-17,256.07000732421875,261.75,256.010009765625,260.8999938964844,256.309326171875,27565500,MSFT
2021-06-18,259.6300048828125,262.29998779296875,258.75,259.42999267578125,254.8651885986328,37202200,MSFT
2021-06-21,259.82000732421875,263.5199890136719,257.9200134277344,262.6300048828125,258.0088806152344,26696100,MSFT
2021-06-22,262.7200012207031,265.7900085449219,262.3999938964844,265.510009765625,260.83819580078125,24694100,MSFT
2021-06-23,265.989990234375,266.8299865722656,264.42999267578125,265.2699890136719,260.6024169921875,19518700,MSFT
2021-06-24,266.1600036621094,267.8500061035156,265.4700012207031,266.69000244140625,261.9974670410156,21446900,MSFT
2021-06-25,266.2300109863281,267.25,264.760009765625,265.0199890136719,260.3568115234375,25611100,MSFT
2021-06-28,266.19000244140625,268.8999938964844,265.9100036621094,268.7200012207031,263.99169921875,19590000,MSFT
2021-06-29,268.8699951171875,271.6499938964844,267.9800109863281,271.3999938964844,266.62457275390625,19937800,MSFT
2021-06-30,270.69000244140625,271.3599853515625,269.6000061035156,270.8999938964844,266.1333312988281,21656500,MSFT
2021-07-01,269.6099853515625,271.8399963378906,269.6000061035156,271.6000061035156,266.82110595703125,16725300,MSFT
2021-07-02,272.82000732421875,278.0,272.5,277.6499938964844,272.76458740234375,26458000,MSFT
2021-07-06,278.0299987792969,279.3699951171875,274.29998779296875,277.6600036621094,272.7743835449219,31565600,MSFT
2021-07-07,279.3999938964844,280.69000244140625,277.1499938964844,279.92999267578125,275.00445556640625,23260000,MSFT
2021-07-08,276.8999938964844,278.7300109863281,274.8699951171875,277.4200134277344,272.5386657714844,24618600,MSFT
2021-07-09,275.7200012207031,278.04998779296875,275.32000732421875,277.94000244140625,273.04949951171875,23916700,MSFT
2021-07-12,279.1600036621094,279.7699890136719,276.5799865722656,277.32000732421875,272.4403991699219,18931700,MSFT
2021-07-13,277.5199890136719,282.8500061035156,277.3900146484375,280.9800109863281,276.0360107421875,26120100,MSFT
2021-07-14,282.3500061035156,283.6600036621094,280.54998779296875,282.510009765625,277.5390930175781,23113700,MSFT
2021-07-15,282.0,282.510009765625,279.8299865722656,281.0299987792969,276.0851745605469,22604200,MSFT
2021-07-16,282.07000732421875,284.1000061035156,279.4599914550781,280.75,275.81005859375,26186800,MSFT
2021-07-19,278.92999267578125,280.3699951171875,274.45001220703125,277.010009765625,272.1358947753906,32935600,MSFT
2021-07-20,278.0299987792969,280.9700012207031,276.260009765625,279.32000732421875,274.4051818847656,26259700,MSFT
2021-07-21,278.8999938964844,281.5199890136719,277.2900085449219,281.3999938964844,276.4486083984375,24364300,MSFT
2021-07-22,283.8399963378906,286.4200134277344,283.4200134277344,286.1400146484375,281.105224609375,23384100,MSFT
2021-07-23,287.3699951171875,289.989990234375,286.5,289.6700134277344,284.5730895996094,22768100,MSFT
2021-07-26,289.0,289.69000244140625,286.6400146484375,289.04998779296875,283.9639892578125,23176100,MSFT
2021-07-27,289.42999267578125,289.5799865722656,282.95001220703125,286.5400085449219,281.4981994628906,33604100,MSFT
2021-07-28,288.989990234375,290.1499938964844,283.8299865722656,286.2200012207031,281.1838073730469,33566900,MSFT
2021-07-29,286.239990234375,288.6199951171875,286.0799865722656,286.5,281.4588623046875,18168300,MSFT
2021-07-30,285.1700134277344,286.6600036621094,283.9100036621094,284.9100036621094,279.8968811035156,20944800,MSFT
2021-08-02,286.3599853515625,286.7699890136719,283.739990234375,284.82000732421875,279.8084411621094,16267400,MSFT
2021-08-03,285.4200134277344,287.2300109863281,284.0,287.1199951171875,282.0679626464844,17879000,MSFT
2021-08-04,286.2200012207031,287.5899963378906,284.6499938964844,286.510009765625,281.4687194824219,16191300,MSFT
2021-08-05,286.8800048828125,289.6300048828125,286.1000061035156,289.5199890136719,284.4257507324219,13900200,MSFT
2021-08-06,288.510009765625,289.5,287.6199951171875,289.4599914550781,284.3667907714844,16589300,MSFT
2021-08-09,289.75,291.54998779296875,287.80999755859375,288.3299865722656,283.2567138671875,16117600,MSFT
2021-08-10,288.79998779296875,289.25,285.20001220703125,286.44000244140625,281.39990234375,18616600,MSFT
2021-08-11,287.2099914550781,288.6600036621094,285.8599853515625,286.95001220703125,281.90093994140625,13955900,MSFT
2021-08-12,286.6300048828125,289.9700012207031,286.3399963378906,289.80999755859375,284.7106628417969,14561300,MSFT
2021-08-13,289.4800109863281,292.8999938964844,289.29998779296875,292.8500061035156,287.6971740722656,18249000,MSFT
2021-08-16,293.19000244140625,294.82000732421875,290.0199890136719,294.6000061035156,289.4163513183594,22507600,MSFT
2021-08-17,292.3900146484375,293.42999267578125,291.0799865722656,293.0799865722656,287.923095703125,20075300,MSFT
2021-08-18,292.0400085449219,294.82000732421875,290.2699890136719,290.7300109863281,286.1612548828125,21813000,MSFT
2021-08-19,288.69000244140625,297.4700012207031,288.6400146484375,296.7699890136719,292.1062927246094,29850500,MSFT
2021-08-20,299.7200012207031,305.8399963378906,298.05999755859375,304.3599853515625,299.5770263671875,40817600,MSFT
2021-08-23,303.25,305.3999938964844,301.8500061035156,304.6499938964844,299.8624572753906,22830200,MSFT
2021-08-24,305.0199890136719,305.6499938964844,302.0,302.6199951171875,297.8643798828125,18175800,MSFT
2021-08-25,304.29998779296875,304.5899963378906,300.4200134277344,302.010009765625,297.26397705078125,20006100,MSFT
2021-08-26,300.989990234375,302.42999267578125,298.95001220703125,299.0899963378906,294.3898620605469,17666100,MSFT
2021-08-27,298.989990234375,300.8699951171875,296.8299865722656,299.7200012207031,295.0099792480469,22605700,MSFT
2021-08-30,301.1199951171875,304.2200012207031,301.05999755859375,303.5899963378906,298.81915283203125,16348100,MSFT
2021-08-31,304.4200134277344,304.5,301.5,301.8800048828125,297.1360168457031,26285300,MSFT
2021-09-01,302.8699951171875,305.19000244140625,301.489990234375,301.8299865722656,297.0867919921875,18983800,MSFT
2021-09-02,302.20001220703125,303.3599853515625,300.17999267578125,301.1499938964844,296.4175109863281,16285600,MSFT
2021-09-03,300.989990234375,302.6000061035156,300.260009765625,301.1400146484375,296.40765380859375,14747900,MSFT
2021-09-07,301.010009765625,301.0899963378906,298.20001220703125,300.17999267578125,295.46270751953125,17180400,MSFT
2021-09-08,299.7799987792969,300.6099853515625,297.4700012207031,300.2099914550781,295.4922180175781,15046800,MSFT
2021-09-09,300.82000732421875,302.1400146484375,297.0,297.25,292.5787658691406,19927000,MSFT
2021-09-10,298.4200134277344,299.9200134277344,295.3800048828125,295.7099914550781,291.0629577636719,19633400,MSFT
2021-09-13,297.54998779296875,298.5400085449219,294.0799865722656,296.989990234375,292.3228759765625,23652900,MSFT
2021-09-14,299.55999755859375,301.3900146484375,298.1000061035156,299.7900085449219,295.078857421875,21853400,MSFT
2021-09-15,303.260009765625,305.32000732421875,301.82000732421875,304.82000732421875,300.0298156738281,28356300,MSFT
2021-09-16,303.760009765625,305.30999755859375,300.760009765625,305.2200012207031,300.42352294921875,19550800,MSFT
2021-09-17,304.1700134277344,304.5,299.5299987792969,299.8699951171875,295.1575927734375,41372500,MSFT
2021-09-20,296.3299865722656,298.7200012207031,289.5199890136719,294.29998779296875,289.67510986328125,38278700,MSFT
2021-09-21,295.69000244140625,297.5400085449219,294.07000732421875,294.79998779296875,290.167236328125,22364100,MSFT
2021-09-22,296.7300109863281,300.2200012207031,294.510009765625,298.5799865722656,293.8878173828125,26626300,MSFT
2021-09-23,298.8500061035156,300.8999938964844,297.5299987792969,299.55999755859375,294.8524475097656,18604600,MSFT
2021-09-24,298.2300109863281,299.79998779296875,296.92999267578125,299.3500061035156,294.64581298828125,14999000,MSFT
2021-09-27,296.1400146484375,296.4700012207031,292.94000244140625,294.1700134277344,289.54718017578125,23571700,MSFT
2021-09-28,289.79998779296875,290.7799987792969,282.75,283.5199890136719,279.06451416015625,43186200,MSFT
2021-09-29,285.1000061035156,286.7699890136719,283.010009765625,284.0,279.5369873046875,26353700,MSFT
2021-09-30,285.7099914550781,287.8299865722656,281.6199951171875,281.9200134277344,277.4896545410156,32343600,MSFT
2021-10-01,282.1199951171875,289.9800109863281,281.2900085449219,289.1000061035156,284.55682373046875,30086300,MSFT
2021-10-04,287.3999938964844,287.75,280.25,283.1099853515625,278.66094970703125,31350700,MSFT
2021-10-05,284.04998779296875,290.3999938964844,284.04998779296875,288.760009765625,284.2221984863281,24993000,MSFT
2021-10-06,285.7799987792969,293.6300048828125,285.510009765625,293.1099853515625,288.5038146972656,28002600,MSFT
2021-10-07,295.17999267578125,296.6400146484375,293.9200134277344,294.8500061035156,290.21649169921875,20430500,MSFT
2021-10-08,296.2200012207031,296.6400146484375,293.760009765625,294.8500061035156,290.21649169921875,17685700,MSFT
2021-10-11,292.9200134277344,297.9700012207031,292.75,294.2300109863281,289.6062927246094,19298600,MSFT
2021-10-12,295.3399963378906,295.44000244140625,292.3500061035156,292.8800048828125,288.2774658203125,17974100,MSFT
2021-10-13,294.9100036621094,297.2799987792969,293.489990234375,296.30999755859375,291.6535339355469,23416300,MSFT
2021-10-14,299.2099914550781,303.2699890136719,297.8299865722656,302.75,297.9924011230469,27262900,MSFT
2021-10-15,302.3399963378906,304.45001220703125,300.5199890136719,304.2099914550781,299.4294128417969,25384800,MSFT
2021-10-18,303.57000732421875,308.2099914550781,302.69000244140625,307.2900085449219,302.4610290527344,22729300,MSFT
2021-10-19,308.3500061035156,309.29998779296875,307.2200012207031,308.2300109863281,303.3862609863281,17682100,MSFT
2021-10-20,309.2099914550781,309.70001220703125,306.1099853515625,307.4100036621094,302.5791015625,16537100,MSFT
2021-10-21,307.1700134277344,311.0199890136719,306.3599853515625,310.760009765625,305.87646484375,16918100,MSFT
2021-10-22,310.3999938964844,311.0899963378906,307.79998779296875,309.1600036621094,304.3016052246094,17449300,MSFT
2021-10-25,309.3599853515625,309.3999938964844,306.4599914550781,308.1300048828125,303.28778076171875,17554500,MSFT
2021-10-26,311.0,312.3999938964844,308.6000061035156,310.1099853515625,305.2366638183594,28107300,MSFT
2021-10-27,316.0,326.1000061035156,316.0,323.1700134277344,318.0914306640625,52588700,MSFT
2021-10-28,324.3299865722656,324.8699951171875,321.3599853515625,324.3500061035156,319.2528991699219,26297900,MSFT
2021-10-29,324.1300048828125,332.0,323.8999938964844,331.6199951171875,326.40863037109375,34766000,MSFT
2021-11-01,331.3599853515625,331.489990234375,326.3699951171875,329.3699951171875,324.1940002441406,27073200,MSFT
2021-11-02,330.30999755859375,333.45001220703125,330.0,333.1300048828125,327.8949279785156,26487100,MSFT
2021-11-03,333.8999938964844,334.8999938964844,330.6499938964844,334.0,328.7512512207031,21500100,MSFT
2021-11-04,332.8900146484375,336.5400085449219,329.510009765625,336.44000244140625,331.1529235839844,23992200,MSFT
2021-11-05,338.510009765625,338.7900085449219,334.4200134277344,336.05999755859375,330.7789306640625,22570100,MSFT
2021-11-08,337.29998779296875,337.6499938964844,334.44000244140625,336.989990234375,331.6942138671875,20897000,MSFT
2021-11-09,337.1099853515625,338.7200012207031,334.5299987792969,335.95001220703125,330.6706237792969,21307400,MSFT
2021-11-10,334.57000732421875,334.6300048828125,329.9200134277344,330.79998779296875,325.6015319824219,25500900,MSFT
2021-11-11,331.25,333.7699890136719,330.510009765625,332.42999267578125,327.2059326171875,16849800,MSFT
2021-11-12,333.9200134277344,337.2300109863281,333.7900085449219,336.7200012207031,331.4284973144531,23831000,MSFT
2021-11-15,337.5400085449219,337.8800048828125,334.0299987792969,336.07000732421875,330.7887268066406,16723000,MSFT
2021-11-16,335.67999267578125,340.6700134277344,335.510009765625,339.510009765625,334.1747131347656,20886800,MSFT
2021-11-17,338.94000244140625,342.19000244140625,338.0,339.1199951171875,334.4014587402344,19053400,MSFT
2021-11-18,338.17999267578125,342.45001220703125,337.1199951171875,341.2699890136719,336.52154541015625,22463500,MSFT
2021-11-19,342.6400146484375,345.1000061035156,342.20001220703125,343.1099853515625,338.3359069824219,21963400,MSFT
2021-11-22,344.6199951171875,349.6700134277344,339.54998779296875,339.8299865722656,335.1015930175781,31031100,MSFT
2021-11-23,337.04998779296875,339.45001220703125,333.55999755859375,337.67999267578125,332.98150634765625,30427600,MSFT
2021-11-24,336.2799987792969,338.1600036621094,333.9100036621094,337.9100036621094,333.20831298828125,21661300,MSFT
2021-11-26,334.3500061035156,337.92999267578125,328.1199951171875,329.67999267578125,325.0927734375,24217200,MSFT
2021-11-29,334.94000244140625,339.0299987792969,334.739990234375,336.6300048828125,331.94610595703125,28563500,MSFT
2021-11-30,335.32000732421875,337.7799987792969,328.989990234375,330.5899963378906,325.99017333984375,42885600,MSFT
2021-12-01,335.1300048828125,339.2799987792969,329.3900146484375,330.0799865722656,325.48724365234375,33337600,MSFT
2021-12-02,330.29998779296875,333.489990234375,327.79998779296875,329.489990234375,324.9054870605469,30766000,MSFT
2021-12-03,331.989990234375,332.70001220703125,318.0299987792969,323.010009765625,318.515625,41779300,MSFT
2021-12-06,323.95001220703125,327.45001220703125,319.2300109863281,326.19000244140625,321.6513366699219,30032600,MSFT
2021-12-07,331.6400146484375,335.79998779296875,330.1000061035156,334.9200134277344,330.2598876953125,31021900,MSFT
2021-12-08,335.30999755859375,335.5,330.79998779296875,334.9700012207031,330.3092346191406,24761000,MSFT
2021-12-09,334.4100036621094,336.489990234375,332.1199951171875,333.1000061035156,328.4651794433594,22214200,MSFT
2021-12-10,334.9800109863281,343.0,334.7900085449219,342.5400085449219,337.77386474609375,38095700,MSFT
2021-12-13,340.67999267578125,343.7900085449219,339.0799865722656,339.3999938964844,334.67755126953125,28899400,MSFT
2021-12-14,333.2200012207031,334.6400146484375,324.1099853515625,328.3399963378906,323.7714538574219,44438700,MSFT
2021-12-15,328.6099853515625,335.19000244140625,324.5,334.6499938964844,329.9936218261719,35381100,MSFT
2021-12-16,335.7099914550781,336.760009765625,323.0199890136719,324.8999938964844,320.37933349609375,35034800,MSFT
2021-12-17,320.8800048828125,324.9200134277344,317.25,323.79998779296875,319.29461669921875,47750300,MSFT
2021-12-20,320.04998779296875,322.79998779296875,317.57000732421875,319.9100036621094,315.458740234375,28326500,MSFT
2021-12-21,323.2900085449219,327.7300109863281,319.79998779296875,327.2900085449219,322.736083984375,24740600,MSFT
2021-12-22,328.29998779296875,333.6099853515625,325.75,333.20001220703125,328.5638122558594,24831500,MSFT
2021-12-23,332.75,336.3900146484375,332.7300109863281,334.69000244140625,330.03314208984375,19617800,MSFT
2021-12-27,335.4599914550781,342.4800109863281,335.42999267578125,342.45001220703125,337.6851501464844,19947000,MSFT
2021-12-28,343.1499938964844,343.80999755859375,340.32000732421875,341.25,336.5018310546875,15661500,MSFT
2021-12-29,341.29998779296875,344.29998779296875,339.67999267578125,341.95001220703125,337.1920471191406,15042000,MSFT
2021-12-30,341.9100036621094,343.1300048828125,338.82000732421875,339.32000732421875,334.59869384765625,15994500,MSFT
